[
    {
      "user": "Alice",
      "rating": 5,
      "comment": "Un livre incroyable, j'ai adoré chaque page !",
      "utile": 1
    },
    {
      "user": "Bob",
      "rating": 4,
      "comment": "Très bon livre, mais quelques longueurs par moments.",
      "utile": 1
    },
    {
      "user": "Charlie",
      "rating": 3,
      "comment": "Intéressant mais pas à la hauteur de mes attentes.",
      "utile": 0
    },
    {
      "user": "Dave",
      "rating": 4,
      "comment": "Un bon livre avec des idées provocantes.",
      "utile": 0
    },
    {
      "user": "Eve",
      "rating": 5,
      "comment": "Un chef-d'œuvre, je le recommande vivement !",
      "utile": 0
    },
    {
      "user": "Frank",
      "rating": 4,
      "comment": "Très divertissant et bien écrit.",
      "utile": 0
    }
]