[
  {
    "titre": "Le Petit Prince",
    "auteur": "Antoine de Saint-Exupéry",
    "resume": "Un aviateur échoué dans le désert rencontre un jeune prince venu d'une autre planète. Une histoire poétique et philosophique sur l'amitié, l'amour et le sens de la vie.",
    "note": 4.8,
    "image": "assets/images/le-petit-prince.jpg"
  },
  {
    "titre": "1984",
    "auteur": "George Orwell",
    "resume": "Dans une société totalitaire où Big Brother surveille tout, Winston Smith cherche la vérité et la liberté. Une dystopie puissante et intemporelle.",
    "note": 4.6,
    "image": "assets/images/1984.jpg"
  },
  {
    "titre": "Les Misérables",
    "auteur": "Victor Hugo",
    "resume": "L'épopée de Jean Valjean, ancien bagnard, dans une France déchirée par les inégalités sociales et les révolutions. Une fresque humaine poignante.",
    "note": 4.9,
    "image": "assets/images/les-miserables.jpg"
  },
  {
    "titre": "Harry Potter à l'école des sorciers",
    "auteur": "J.K. Rowling",
    "resume": "Le jeune Harry découvre qu'il est un sorcier et part à l'école de Poudlard, où il apprend la magie et affronte des forces maléfiques.",
    "note": 4.7,
    "image": "assets/images/harry-potter.jpg"
  },
  {
    "titre": "L'Alchimiste",
    "auteur": "Paulo Coelho",
    "resume": "Santiago, un jeune berger andalou, part à la recherche d'un trésor caché et découvre la véritable richesse de la vie et de la sagesse.",
    "note": 4.5,
    "image": "assets/images/alchimiste.jpg"
  },
  {
    "titre": "Le Seigneur des Anneaux",
    "auteur": "J.R.R. Tolkien",
    "resume": "Une épopée fantastique à travers la Terre du Milieu.",
    "note": 5.0,
    "image": "assets/images/seigneur.jpg"
  }
]
