[
    {
      "titre": "Crime et Châtiment",
      "auteur": "Fiodor Dostoïevski",
      "resume": "Raskolnikov, un étudiant pauvre, commet un meurtre et se débat avec la culpabilité et les implications morales de son acte. Un chef-d'œuvre de psychologie et de philosophie.",
      "note": 4.8,
      "image": "assets/images/crime-et-chatiment.jpg"
    },
    {
      "titre": "Le Meilleur des Mondes",
      "auteur": "Aldous Huxley",
      "resume": "Dans une société futuriste où tout est contrôlé et standardisé, Bernard Marx remet en question un système qui sacrifie la liberté pour la stabilité.",
      "note": 4.5,
      "image": "assets/images/le-meilleur-des-mondes.jpg"
    },
    {
      "titre": "Don Quichotte",
      "auteur": "Miguel de Cervantes",
      "resume": "Un noble espagnol, obsédé par les récits de chevalerie, part à l'aventure avec son fidèle écuyer Sancho Panza. Une satire de la société et une exploration de l'idéalisme.",
      "note": 4.7,
      "image": "assets/images/don-quichotte.jpg"
    },
    {
      "titre": "La Peste",
      "auteur": "Albert Camus",
      "resume": "Dans une ville algérienne frappée par une épidémie de peste, les habitants luttent contre l'isolement et le désespoir. Une réflexion sur la condition humaine.",
      "note": 4.6,
      "image": "assets/images/la-peste.jpg"
    },
    {
      "titre": "Le Seigneur des Anneaux : La Communauté de l'Anneau",
      "auteur": "J.R.R. Tolkien",
      "resume": "Frodon Sacquet, un hobbit, se lance dans une quête périlleuse pour détruire l'Anneau Unique, une source de pouvoir maléfique. Un classique de la fantasy.",
      "note": 4.9,
      "image": "assets/images/seigneur.jpg"
    }
  ]
  