[
    {
    "titre": "Harry Potter à l'école des sorciers",
    "auteur": "J.K. Rowling",
    "resume": "Le jeune Harry découvre qu'il est un sorcier et part à l'école de Poudlard, où il apprend la magie et affronte des forces maléfiques.",
    "note": 4.7,
    "image": "assets/images/harry-potter.jpg",
    "reco": "je recommande ce livre car c'est l'un des meilleurs livres que j'ai jamais lu, on est embarqué dans l'histoire dès le début et on ne peut plus s'arrêter de lire"
    
  }
]